{"cameraMode":{"drawMode":0,"name":"Shaded","section":"Shading Mode"},"sceneLighting":true,"audioPlay":false,"sceneViewState":{"showFog":true,"showMaterialUpdate":false,"showSkybox":true,"showFlares":true,"showImageEffects":true,"showParticleSystems":true},"in2DMode":false,"pivot":{"x":2.8890159130096437,"y":8.765786170959473,"z":-1.7566560506820679},"rotation":{"x":0.5174943804740906,"y":0.07067761570215225,"z":-0.04294470697641373,"w":0.851681649684906},"size":33.21493911743164,"orthographic":false}